{"cameraMode":{"drawMode":0,"name":"Shaded","section":"Shading Mode"},"sceneLighting":false,"audioPlay":false,"sceneViewState":{"m_AlwaysRefresh":false,"showFog":true,"showSkybox":false,"showFlares":true,"showImageEffects":true,"showParticleSystems":true,"showVisualEffectGraphs":true,"m_FxEnabled":true},"in2DMode":false,"pivot":{"x":586.7166748046875,"y":672.6570434570313,"z":239.37892150878907},"rotation":{"x":-0.000026519561288296245,"y":0.9999060034751892,"z":-0.01380923856049776,"w":-0.0019489240366965533},"size":83.47702026367188,"orthographic":false}